CHROM,POS,ID,REF,ALT,REGION,HAPLOTYPE,CONTRIBUTOR
1,20135013,0,C,A,5’UTR(gTUR),I-Cat-0,yes
1,20135022,1,C,A,5’UTR(gTUR),I-Cat-0,no
1,20135057,2,A,T,5’UTR(gTUR),I-Cat-0,yes
1,20135060,3,C,T,5’UTR(gTUR),I-Cat-0,no
1,20135062,4,A,G,5’UTR(gTUR),I-Cat-0,no
1,20135073,5,C,T,5’UTR(gTUR),I-Cat-0,yes
1,20135077,6,T,G,5’UTR(gTUR),I-Cat-0,yes
1,20135082,7,T,C,5’UTR(gTUR),I-Cat-0,yes
1,20135096,8,A,G,5’UTR(gTUR),I-Cat-0,yes
1,20135143,9,A,C,5’UTR(gTUR),I-Cat-0,yes
1,20135157,10,T,G,5’UTR(gTUR),I-Cat-0,no
1,20135162,11,C,A,5’UTR(gTUR),I-Cat-0,yes
1,20135181,12,G,A,5’UTR(gTUR),I-Cat-0,no
1,20135211,13,T,C,5’UTR(gTUR),I-Cat-0,no
1,20135212,14,C,T,5’UTR(gTUR),I-Cat-0,yes
1,20135233,15,A,G,5’UTR(gTUR),I-Cat-0,no
1,20135236,16,G,A,5’UTR(gTUR),I-Cat-0,no
